{"name":"db5263f2-7288-4638-b002-eb3c6796d608","id":"/providers/Microsoft.Flow/flows/db5263f2-7288-4638-b002-eb3c6796d608","type":"Microsoft.Flow/flows","properties":{"apiId":"/providers/Microsoft.PowerApps/apis/shared_logicflows","displayName":"Mail a weekly summary of Calendar items","definition":{"metadata":{"workflowEntityId":null,"processAdvisorMetadata":null,"flowChargedByPaygo":null,"flowclientsuspensionreason":"None","flowclientsuspensiontime":null,"flowclientsuspensionreasondetails":null,"creator":{"id":"1550b8d2-2474-464e-a5c1-cdaf5a52861d","type":"User","tenantId":"a254b169-0a6b-47f9-af4c-169704421c2e"},"provisioningMethod":"FromDefinition","failureAlertSubscription":true,"clientLastModifiedTime":"2024-06-19T09:25:59.9048511Z","connectionKeySavedTimeKey":"2024-06-19T09:25:59.9048511Z"},"$schema":"https://schema.management.azure.com/providers/Microsoft.Logic/schemas/2016-06-01/workflowdefinition.json#","contentVersion":"undefined","parameters":{"$authentication":{"defaultValue":{},"type":"SecureObject"},"$connections":{"defaultValue":{},"type":"Object"}},"triggers":{"Recurrence_-_Run_weekly_on_Sunday":{"recurrence":{"frequency":"Week","interval":1,"schedule":{"weekDays":["Sunday"],"hours":["23"]}},"metadata":{"operationMetadataId":"17919665-b162-45ab-89a2-b359da891b94"},"type":"Recurrence"}},"actions":{"Get_events_(V4)_-_from_calendar_":{"runAfter":{"Initialize_variable_-_email_for_send":["Succeeded"]},"metadata":{"operationMetadataId":"89f9d086-6277-4147-a790-9a589e3f1f7f"},"type":"OpenApiConnection","inputs":{"parameters":{"table":"AAMkADY2MWIzYWE3LWIzOTMtNGI4Mi05ODc1LTAzMGFkMjQxMmU4OQBGAAAAAACbDRoX0tDkS50dTLkAd0ENBwBx40u3NNaYQrjA-Zd66cYtAAAAAAEGAABx40u3NNaYQrjA-Zd66cYtAAAAFIrQAAA="},"host":{"apiId":"/providers/Microsoft.PowerApps/apis/shared_office365","connectionName":"shared_office365","operationId":"V4CalendarGetItems"},"authentication":"@parameters('$authentication')"}},"Send_an_email_(V2)_-_to_myself_with_the_html_table":{"runAfter":{"Create_HTML_table_-_for_output":["Succeeded"]},"metadata":{"operationMetadataId":"a6356e4b-b2ed-42d4-b07e-3212c8a52e08"},"type":"OpenApiConnection","inputs":{"parameters":{"emailMessage/To":"@variables('email')","emailMessage/Subject":"Calendar event summary on @{formatDateTime(utcNow(), 'G', 'en-US')}","emailMessage/Body":"<p>@{body('Create_HTML_table_-_for_output')}</p>","emailMessage/Importance":"Normal"},"host":{"apiId":"/providers/Microsoft.PowerApps/apis/shared_office365","connectionName":"shared_office365","operationId":"SendEmailV2"},"authentication":"@parameters('$authentication')"}},"Create_HTML_table_-_for_output":{"runAfter":{"Filter_array_-_until_today":["Succeeded"]},"metadata":{"operationMetadataId":"8a7a527b-67ae-4020-9e22-276db8a8c292"},"type":"Table","inputs":{"from":"@body('Filter_array_-_until_today')","format":"HTML"}},"Filter_array_-_last_7_days_-_start":{"runAfter":{"Compose_-_sort_events":["Succeeded"]},"metadata":{"operationMetadataId":"3de404ba-d419-45a2-9d61-402223a19acc"},"type":"Query","inputs":{"from":"@outputs('Compose_-_sort_events')","where":"@greaterOrEquals(item()?['start'], formatDateTime(addDays(utcNow(), -8), 'G', 'en-US'))"}},"Initialize_variable_-_email_for_send":{"runAfter":{"Get_my_profile_(V2)_-_need_email":["Succeeded"]},"metadata":{"operationMetadataId":"220ef33a-e565-449b-92a7-18cdd2b996e6"},"type":"InitializeVariable","inputs":{"variables":[{"name":"email","type":"string","value":"@outputs('Get_my_profile_(V2)_-_need_email')?['body/mail']"}]}},"Select_-_relevant_fields":{"runAfter":{"Get_events_(V4)_-_from_calendar_":["Succeeded"]},"metadata":{"operationMetadataId":"03d7d3f4-cb96-42be-b96e-02c9c78f2453"},"type":"Select","inputs":{"from":"@outputs('Get_events_(V4)_-_from_calendar_')?['body/value']","select":{"start":"@formatDateTime(addHours(item()?['startWithTimeZone'],2),'G','en-US')","end":"@formatDateTime(addHours(item()?['endWithTimeZone'],2),'G','en-US')","hours":"@dateDifference(item()?['startWithTimeZone'],item()?['endWithTimeZone'])","categories":"@item()?['categories']","subject":"@item()?['subject']"}}},"Filter_array_-_until_today":{"runAfter":{"Filter_array_-_last_7_days_-_start":["Succeeded"]},"metadata":{"operationMetadataId":"752354b4-c606-4bf3-b811-0107415950be"},"type":"Query","inputs":{"from":"@body('Filter_array_-_last_7_days_-_start')","where":"@less(item()?['end'],formatDateTime(utcNow(),'G','en-US'))"}},"Compose_-_sort_events":{"runAfter":{"Select_-_relevant_fields":["Succeeded"]},"metadata":{"operationMetadataId":"220dfccb-e94a-49cf-ad40-bcabe1feac85"},"type":"Compose","inputs":"@sort(body('Select_-_relevant_fields'),'start')"},"Get_my_profile_(V2)_-_need_email":{"runAfter":{},"type":"OpenApiConnection","inputs":{"host":{"apiId":"/providers/Microsoft.PowerApps/apis/shared_office365users","connectionName":"shared_office365users","operationId":"MyProfile_V2"},"authentication":"@parameters('$authentication')"}}},"description":"Every week, the automation retrieves calendar events and compiles a summary. This summary is then emailed to designated recipients, ensuring they have a consolidated view of the week's scheduled activities and appointments."},"connectionReferences":{"shared_office365":{"connectionName":"shared-office365-42d7a44b-7bb0-418f-9f1b-dc7b34f4d25f","source":"Embedded","id":"/providers/Microsoft.PowerApps/apis/shared_office365","tier":"NotSpecified"},"shared_office365users":{"connectionName":"shared-office365user-7856ea78-6da4-454b-83cc-4da3fe0914b3","source":"Embedded","id":"/providers/Microsoft.PowerApps/apis/shared_office365users","tier":"NotSpecified"}},"flowFailureAlertSubscribed":false,"isManaged":false}}