{"name":"3bc0fe61-7c8c-4a49-9870-ba34336930f6","id":"/providers/Microsoft.Flow/flows/3bc0fe61-7c8c-4a49-9870-ba34336930f6","type":"Microsoft.Flow/flows","properties":{"apiId":"/providers/Microsoft.PowerApps/apis/shared_logicflows","displayName":"Schedule LinkedIn Posts","definition":{"metadata":{"workflowEntityId":null,"processAdvisorMetadata":null,"flowChargedByPaygo":null,"flowclientsuspensionreason":"None","flowclientsuspensiontime":null,"flowclientsuspensionreasondetails":null,"creator":{"id":"1550b8d2-2474-464e-a5c1-cdaf5a52861d","type":"User","tenantId":"a254b169-0a6b-47f9-af4c-169704421c2e"},"provisioningMethod":"FromDefinition","failureAlertSubscription":true,"clientLastModifiedTime":"2024-01-08T10:46:06.4453066Z","connectionKeySavedTimeKey":"2024-01-08T10:46:06.4453066Z"},"$schema":"https://schema.management.azure.com/providers/Microsoft.Logic/schemas/2016-06-01/workflowdefinition.json#","contentVersion":"1.0.0.0","parameters":{"$authentication":{"defaultValue":{},"type":"SecureObject"},"$connections":{"defaultValue":{},"type":"Object"}},"triggers":{"Recurrence":{"recurrence":{"frequency":"Week","interval":2,"schedule":{"weekDays":["Monday"],"hours":["11"],"minutes":[0]}},"metadata":{"operationMetadataId":"d1831bae-1810-497c-bb8c-74077684a8da"},"type":"Recurrence","description":"Runs at 13:00 on Monday every 2 weeks"}},"actions":{"Post_an_article":{"runAfter":{"Get_random_message_from_array":["Succeeded"]},"metadata":{"operationMetadataId":"fccbc3a8-ce1d-4aa0-8f05-03d6760e212d"},"type":"OpenApiConnection","inputs":{"parameters":{"body/commentary":"Passionate about business automation, Power Platform, or UiPath? Unlock your potential with Ordina! We're building a team of top talent to drive excellence in automation. Connect with us and be part of the future of innovation!\n#Ordina #CareerOpportunities #PowerPlatform #Hiring\n","body/visibility":"Public","body/content/article/source":"https://www.ordina.com/careers/","body/content/article/title":"Passionate about business automation ","body/isReshareDisabledByAuthor":false,"body/content/article/description":"Career opportunities @Ordina","body/content/article/thumbnail":"https://media.licdn.com/dms/image/D4E22AQGq_7bZd_OV9A/feedshare-shrink_1280/0/1702460498721?e=1707350400&v=beta&t=LbIJNQkk3kEgYuct2V_b1suTxmtti6oVC8CxnsSRS9k"},"host":{"apiId":"/providers/Microsoft.PowerApps/apis/shared_linkedinv2","connectionName":"shared_linkedinv2","operationId":"PostUpdate"},"authentication":"@parameters('$authentication')"}},"Message_array":{"runAfter":{},"metadata":{"operationMetadataId":"43f7769a-f909-4ebb-9488-1b4e77023178"},"type":"InitializeVariable","inputs":{"variables":[{"name":"Messages","type":"array","value":["I am always on the lookout for top talent to join our team. If you are into business automation, Power Platform or UiPath, connect with me! #Ordina #CareerOpportunities #PowerPlatform #Hiring","Join Our Automation Team! Are you passionate about business automation, Power Platform, or UiPath? We're on the lookout for top talent to join our dynamic team at Ordina! If you're ready to make an impact in a cutting-edge environment, let's connect!  #Ordina #CareerOpportunities #PowerPlatform #Hiring","Calling all enthusiasts of business automation, Power Platform, and UiPath! Ready to take your skills to new heights? Join us at Ordina, where innovation meets excellence! Let's connect and explore the exciting possibilities together!  #Ordina #CareerOpportunities #PowerPlatform #Hiring","Are you skilled in business automation, Power Platform, or UiPath? Join our team at Ordina, where we're shaping the future of innovation!  #Ordina #CareerOpportunities #PowerPlatform #Hiring","Boost your career in business automation, Power Platform, and UiPath! Ordina is actively seeking exceptional individuals to join our Automation Team. If you're driven by innovation and ready for a rewarding challenge, let's connect!   #Ordina #CareerOpportunities #PowerPlatform #Hiring","Passionate about business automation, Power Platform, or UiPath? Unlock your potential with Ordina! We're building a team of top talent to drive excellence in automation. Connect with us and be part of the future of innovation! #Ordina #CareerOpportunities #PowerPlatform #Hiring","Join the Ordina family and be a key player in our Automation Team! If you're skilled in business automation, Power Platform, or UiPath, we want to hear from you. Let's collaborate to create innovative solutions that make a real impact. #Ordina #CareerOpportunities #PowerPlatform #Hiring","Calling all professionals passionate about business automation, Power Platform, and UiPath! Ordina is expanding its team and we want you on board. Connect with us to explore exciting career opportunities and be part of a dynamic work environment. #Ordina #CareerOpportunities #PowerPlatform #Hiring","Shape the future of automation with Ordina! If you have expertise in business automation, Power Platform, or UiPath, we invite you to join our talented team. Let's work together to drive innovation and create solutions that matter. #Ordina #CareerOpportunities #PowerPlatform #Hiring"]}]}},"Get_random_message_from_array":{"runAfter":{"Message_array":["Succeeded"]},"metadata":{"operationMetadataId":"a9cbcadd-23f1-4e08-bfa6-cd96ad0476e6"},"type":"Compose","inputs":"@variables('Messages')[rand(0,length(variables('Messages')))]"}}},"connectionReferences":{"shared_linkedinv2":{"connectionName":"shared-linkedinv2-165f8873-edf5-4004-8fba-e064fbf37d22","source":"Embedded","id":"/providers/Microsoft.PowerApps/apis/shared_linkedinv2","tier":"NotSpecified"}},"flowFailureAlertSubscribed":false,"isManaged":false}}